subject,observed_effect,n_permutations,permutation_p_value,permutation_mean,permutation_sd
ELA,-1.5939787134586823,2000,0.451,-0.016782059852396777,2.0415975622910203
Math,2.513728698123032,2000,0.165,-0.01840730819348937,1.8021436920461686
