subject,observed_effect,n_bootstrap,bootstrap_se,conf_low,conf_high
ELA,-1.5939787134586823,2000,1.707462050386051,-4.966080917578944,1.7788951669792992
Math,2.513728698123032,2000,1.6149708721899436,-0.6774950737387029,5.735172639805165
