subject,n_treated_total,n_matched,n_unmatched,caliper_points,mean_baseline_distance,matched_effect,sd_effect,se_effect,statistic,p_value,conf_low,conf_high
ELA,52,52,0,3.829480556473907,0.25,2.3653846153846154,11.161960693168432,1.5478854466897058,1.528139320931795,0.126477950526096,-0.6684708601272078,5.399240090896439
Math,52,52,0,3.2712271572615337,0.19230769230769232,3.5,13.753430944498833,1.9072577109209103,1.8350954776373885,0.06649154389955164,-0.23822511340498442,7.238225113404985
