subject,term,estimate,std_error,statistic,p_value,conf_low,conf_high
ELA,(Intercept),1060.2430255948057,1.520766541225133,697.1767176970316,0.0,1057.2623231740045,1063.2237280156069
ELA,treatment,-1.7161914166345014,2.152853463675179,-0.7971705671526556,0.4253519773110677,-5.9357842054378525,2.5034013721688497
Math,(Intercept),1057.5058991154606,1.9911160385427544,531.1121394458866,0.0,1053.6033116799167,1061.4084865510044
Math,treatment,2.2191276382345677,2.818362928736811,0.7873817866420701,0.431058405402074,-3.304863702089582,7.743118978558718
