subject,term,estimate,std.error,statistic,p.value,conf.low,conf.high,n,df
ELA,treatment,5.265958702064896,2.1360133586235044,2.465321052794539,0.013689053328692635,1.0793725191628276,9.452544884966965,188,186
Math,treatment,5.275162241887905,1.5976618660097925,3.301801435032544,0.0009606605066290186,2.1437449845087118,8.4065794992671,188,186
Science,treatment,-1.5299145299145316,1.3584659095013791,-1.1262075251311108,0.2600776890501173,-4.1925077125372345,1.1326786527081714,198,196
