subject,observed_effect,n_bootstrap,bootstrap_se,conf_low,conf_high
ELA,6.851137922458065,2000,1.81800408114806,3.170670453500634,10.4357526252752
Math,6.418609758456199,2000,1.7993653415842348,2.9190370944104416,9.863973756649784
Science,2.200153800435828,2000,1.395187065700409,-0.5779026604591309,5.006172262531209
