subject,term,estimate,std.error,statistic,p.value,conf.low,conf.high,n,df
ELA,treatment_post,5.421828908554289,3.839681561318258,1.4120517084476245,0.15793473644894895,-2.1039469516294966,12.947604768738074,376,372
Math,treatment_post,6.274454277285713,3.477759474180554,1.8041656773184778,0.07120533821897035,-0.5419542921081728,13.090862846679599,376,372
Science,treatment_post,-1.4681861348522034,2.9424882041477427,-0.4989607546370594,0.6178070319904398,-7.235463014981779,4.299090745277372,396,392
