subject,observed_effect,n_permutations,permutation_p_value,permutation_mean,permutation_sd
ELA,6.851137922458065,2000,0.0,0.021068365269813014,1.7350813609600522
Math,6.418609758456199,2000,0.0,0.0029210147530553243,1.7410136310092477
Science,2.200153800435828,2000,0.102,0.0045903013827231515,1.3226077657498247
