subject,term,estimate,std.error,statistic,p.value,conf.low,conf.high,n,df
ELA,treatment,6.808469946547575,2.1138092455692425,3.220948134662016,0.001277672679600217,2.66540382523186,10.951536067863291,188,186
Math,treatment,6.436127130679324,2.370146910479327,2.7154971289850183,0.006617635019734225,1.7906391861398427,11.081615075218807,188,186
Science,treatment,2.371811267090834,1.82925318278509,1.2966008693666362,0.1947685531879586,-1.2135249711679421,5.95714750534961,198,196
