subject,term,estimate,std.error,statistic,p.value,conf.low,conf.high,n,df
ELA,treatment,6.851137922458065,1.67530754967944,4.089480718790403,4.323400034755842e-05,3.5675351250863625,10.134740719829768,188,185
Math,treatment,6.418609758456199,1.7071758875887664,3.7597823429441197,0.0001700612507042898,3.072545018782217,9.764674498130182,188,185
Science,treatment,2.200153800435828,1.4052599528286547,1.565656088047715,0.11742915164969014,-0.5541557071083352,4.954463307979991,198,195
