subject,term,estimate,std.error,statistic,p.value,conf.low,conf.high,n,df
ELA,treatment,5.421828908554573,2.4518923128387344,2.2112834565223323,0.027016214231920355,0.616119975390653,10.227537841718492,188,186
Math,treatment,6.274454277286136,1.862204885298056,3.3693683905688365,0.0007534066077274915,2.6245327021019462,9.924375852470325,188,186
Science,treatment,-1.4681861348528038,1.4870968311022366,-0.9872834802321405,0.32350368686445563,-4.382895923813187,1.4465236541075797,198,196
