subject,term,estimate,std.error,statistic,p.value,conf.low,conf.high,n,df
ELA,treatment_post,5.421828908554289,3.7299259934795623,1.4536022746918873,0.14605660591138991,-1.8888260386656528,12.73248385577423,376,372
Math,treatment_post,6.274454277285713,3.456828359152731,1.8150899105744385,0.0695100934480406,-0.5009293066536396,13.049837861225065,376,372
Science,treatment_post,-1.4681861348522034,2.7742463541250006,-0.5292198123173781,0.5966529743600741,-6.905708988937205,3.969336719232798,396,392
