subject,treated_pre_mean,matched_control_pre_mean,mean_baseline_difference_after_matching,mean_absolute_baseline_distance
ELA,1046.6027397260275,1046.4520547945206,0.1506849315068493,0.2876712328767123
Math,1047.6666666666667,1047.7466666666667,-0.08,0.29333333333333333
Science,1044.4933333333333,1044.5733333333333,-0.08,0.26666666666666666
