subject,n_treated,n_control,wilcoxon_statistic,p_value
ELA,75,113,5193.5,0.008879401092749761
Math,75,113,5343.5,0.0024680850340812466
Science,81,117,4247.5,0.21551579482536876
