subject,n_treated_total,n_matched,n_unmatched,caliper_points,mean_baseline_distance,matched_effect,sd_effect,se_effect,statistic,p_value,conf_low,conf_high
ELA,75,73,2,4.1356205643582005,0.2876712328767123,5.383561643835616,14.683352380791941,1.7185564073329238,3.132606890797677,0.001732613262569238,1.9464488291697686,8.820674458501465
Math,75,75,0,3.318128228702608,0.29333333333333333,7.666666666666667,16.60294123514438,1.917142518290029,3.999007164842838,6.360875470567962e-05,3.832381630086609,11.500951703246725
Science,81,75,6,2.825588886476787,0.26666666666666666,6.12,12.094179971754562,1.3965156124640552,4.38233553952303,1.1741379212670822e-05,3.3269687750718897,8.91303122492811
