subject,school,treatment,n,mean_gain,sd_gain,se_gain
ELA,JES,0,113,-2.088495575221239,14.96636557783336,1.4079172422925776
ELA,JMTES,1,75,3.3333333333333335,18.49786936842109,2.1359499718584893
Math,JES,0,113,-6.247787610619469,10.900959143130583,1.0254759751339917
Math,JMTES,1,75,0.02666666666666667,14.597272360285684,1.6855478253290446
Science,JES,0,117,7.418803418803419,10.73042670058092,0.992028299398779
Science,JMTES,1,81,5.950617283950617,9.61106294143356,1.0678958823815068
