subject,observed_effect,n_permutations,permutation_p_value,permutation_mean,permutation_sd
ELA,6.144233585425582,2000,0.0,-0.05603178055878447,1.5952491742732593
Math,8.204413608232016,2000,0.0,-0.04484188217792202,1.6892654680920425
Science,3.6236572589509706,2000,0.0165,0.062142869373382724,1.5616369731599196
