subject,n_treated_total,n_matched,n_unmatched,caliper_points,mean_baseline_distance,matched_effect,sd_effect,se_effect,statistic,p_value,conf_low,conf_high
ELA,60,58,2,3.3370257327058095,0.43103448275862066,3.3448275862068964,10.95853704562239,1.4389264088217986,2.324529986871018,0.02009710630969952,0.524531824916171,6.165123347497621
Math,60,60,0,3.50949187833331,0.31666666666666665,10.083333333333334,18.717608556022782,2.416432873943523,4.172817479046183,3.008559497752472e-05,5.3471249004040295,14.819541766262638
Science,60,54,6,2.534057530532797,0.14814814814814814,5.037037037037037,12.689265948055827,1.7267903768450337,2.9169939238600895,0.0035342265757769553,1.6525278984207712,8.421546175653303
