subject,school,treatment,n,mean_gain,sd_gain,se_gain
ELA,JES,0,108,2.6481481481481484,11.303224926314453,1.0876533256530896
ELA,JMTES,1,60,5.383333333333334,10.667695042234957,1.3771935080331805
Math,JES,0,108,2.638888888888889,11.949628182799877,1.1498535080092411
Math,JMTES,1,60,8.816666666666666,7.160370378325569,0.924399840931061
Science,JES,0,108,0.8981481481481481,10.956958967232774,1.0543338682052543
Science,JMTES,1,60,0.9333333333333333,8.514925413781373,1.0992721440591184
