subject,term,estimate,std.error,statistic,p.value,conf.low,conf.high,n,df
ELA,treatment,2.7351851851851867,1.7842941820963396,1.5329227728421218,0.12529488410775702,-0.7620314117236386,6.232401782094012,168,166
Math,treatment,6.177777777777781,1.6907714706598653,3.653821870655737,0.0002583655450729694,2.863865695284445,9.491689860271116,168,166
Science,treatment,0.03518518518518543,1.6353503019267965,0.021515381226719234,0.9828345338586126,-3.1701014065913355,3.240471776961707,168,166
