subject,term,estimate,std.error,statistic,p.value,conf.low,conf.high,n,df
ELA,treatment,5.666325598688218,2.3233602153292865,2.4388493705377225,0.014734108441317506,1.112539576642816,10.220111620733618,168,166
Math,treatment,8.26965435928605,2.5986908379343,3.1822386251454216,0.0014614135686801255,3.176220316934822,13.36308840163728,168,166
Science,treatment,3.0323827473398524,2.0577708742098952,1.4736250694111757,0.14058256767198118,-1.0008481661115418,7.0656136607912465,168,166
