subject,treated_pre_mean,matched_control_pre_mean,mean_baseline_difference_after_matching,mean_absolute_baseline_distance
ELA,1050.5344827586207,1050.3793103448277,0.15517241379310345,0.43103448275862066
Math,1046.0166666666667,1046.0666666666666,-0.05,0.31666666666666665
Science,1052.5555555555557,1052.5555555555557,0.0,0.14814814814814814
