subject,observed_effect,n_bootstrap,bootstrap_se,conf_low,conf_high
ELA,6.144233585425582,2000,1.6664527719432272,2.9135150259437523,9.477430298053605
Math,8.204413608232016,2000,1.6321413182700608,5.221001243670571,11.600615605410667
Science,3.6236572589509706,2000,1.5457669640236404,0.6155373597707694,6.730050751651106
