subject,term,estimate,std.error,statistic,p.value,conf.low,conf.high,n,df
ELA,treatment_post,2.735185185184946,3.7915261165377223,0.7213942621296285,0.4706669758701274,-4.69620600322899,10.166576373598883,336,332
Math,treatment_post,6.177777777777919,3.7992378409343153,1.6260571294632793,0.1039375027479541,-1.2687283904533384,13.624283946009177,336,332
Science,treatment_post,0.03518518518512792,3.1060227466512402,0.011328051355407117,0.9909617160258704,-6.052619398251303,6.122989768621559,336,332
