subject,term,estimate,std.error,statistic,p.value,conf.low,conf.high,n,df
ELA,treatment,2.562962962962964,1.5188996974809272,1.6873813110988174,0.0915300550751228,-0.4140804440996533,5.540006370025582,168,166
Math,treatment,5.224074074074076,1.3113175862298354,3.9838358982844064,6.781170814162962e-05,2.653891605063598,7.794256543084553,168,166
Science,treatment,-0.03703703703703676,1.4804501932588887,-0.025017415111755828,0.9800410727053408,-2.9387194158244587,2.864645341750385,168,166
