subject,term,estimate,std.error,statistic,p.value,conf.low,conf.high,n,df
ELA,treatment,6.144233585425582,1.6204232444895952,3.7917461418303136,0.00014959178433260334,2.9682040262259752,9.320263144625187,168,165
Math,treatment,8.204413608232016,1.6045956561733314,5.113072303709241,3.169609064102019e-07,5.0594061221322875,11.349421094331746,168,165
Science,treatment,3.6236572589509706,1.6670870790440746,2.173646058746262,0.029731726560384253,0.35616658402458423,6.891147933877357,168,165
