subject,term,estimate,std.error,statistic,p.value,conf.low,conf.high,n,df
ELA,treatment,-4.190833223529353,2.435307541883495,-1.720864059858376,0.08527549467655682,-8.964036005621002,0.5823695585622968,126,124
Math,treatment,-0.7544733389640896,2.886827048514206,-0.26135037751998424,0.7938223204466865,-6.4126543540519325,4.903707676123753,125,123
Science,treatment,2.320094671001243,2.3309868713945137,0.9953272150405745,0.3195771455792151,-2.248639596932003,6.888828938934489,126,124
