subject,observed_effect,n_permutations,permutation_p_value,permutation_mean,permutation_sd
ELA,-1.560987064453684,2000,0.3345,0.07134371976098143,1.6180452122106603
Math,-1.04828704708666,2000,0.547,9.586716725925726e-05,1.7250844316588774
Science,4.232867415396868,2000,0.023,0.05432729577716929,1.8217266895769297
