subject,term,estimate,std.error,statistic,p.value,conf.low,conf.high,n,df
ELA,treatment,-6.092071611253197,1.842773674000115,-3.305925028779642,0.0009466341261594735,-9.703908012293422,-2.480235210212972,126,124
Math,treatment,-3.119263089851325,1.7936598257321277,-1.739049425705969,0.08202606942156287,-6.634836348286296,0.396310168583645,125,123
Science,treatment,-0.3727621483375959,1.9795676343777646,-0.18830483074389415,0.8506376987101467,-4.252714711718014,3.507190415042823,126,124
