subject,observed_effect,n_bootstrap,bootstrap_se,conf_low,conf_high
ELA,-1.560987064453684,2000,1.7659287103913759,-4.876240717212113,2.003936241377687
Math,-1.04828704708666,2000,1.669643108908023,-4.295504891188784,2.2454532782105616
Science,4.232867415396868,2000,1.9655985016141808,0.5301918616282819,8.292994572126645
