subject,n_treated_total,n_matched,n_unmatched,caliper_points,mean_baseline_distance,matched_effect,sd_effect,se_effect,statistic,p_value,conf_low,conf_high
ELA,34,32,2,2.65427736108068,0.53125,-1.875,8.856380969163856,1.5656017600168126,-1.197622567810517,0.23106398627122582,-4.943579449632953,1.1935794496329528
Math,34,32,2,3.291887793386044,0.5,0.3125,11.366156612022916,2.0092716040974294,0.15552899835081077,0.8764042947051123,-3.6256723440309617,4.250672344030962
Science,34,31,3,2.5702742882178047,0.3225806451612903,2.3870967741935485,10.916890336705592,1.9607313861171882,1.2174522176241012,0.22343220588124524,-1.4559367425961405,6.2301302909832375
