subject,school,treatment,n,mean_gain,sd_gain,se_gain
ELA,JES,0,92,2.739130434782609,9.678195233193573,1.009021604089666
ELA,JMTES,1,34,-3.3529411764705883,7.647072535295536,1.3114621202853225
Math,JES,0,91,1.5604395604395604,9.417724178034133,0.9872457452262574
Math,JMTES,1,34,-1.5588235294117647,7.410848626294685,1.2709500541148437
Science,JES,0,92,0.40217391304347827,10.025308394706984,1.0452106528318998
Science,JMTES,1,34,0.029411764705882353,9.401757714828767,1.6123881459458005
