subject,term,estimate,std.error,statistic,p.value,conf.low,conf.high,n,df
ELA,treatment,-5.456521739130435,1.6258054483681348,-3.356195997871267,0.0007902254445490975,-8.64310041793198,-2.2699430603288904,126,124
Math,treatment,-3.309631544925663,1.5290566484466337,-2.164492432826418,0.030426576730906207,-6.306582575881064,-0.31268051397026086,125,123
Science,treatment,-0.40664961636828645,1.8700063040206365,-0.21745895481419664,0.8278506909254792,-4.071861972248734,3.2585627395121612,126,124
