subject,term,estimate,std.error,statistic,p.value,conf.low,conf.high,n,df
ELA,treatment,-1.560987064453684,1.8212699088656714,-0.8570871658588498,0.3913967135093581,-5.1306760858304,2.0087019569230318,126,123
Math,treatment,-1.04828704708666,1.853235395517203,-0.5656523988384665,0.571630100024423,-4.680628422300378,2.5840543281270576,125,122
Science,treatment,4.232867415396868,1.9530878210541325,2.1672693720000153,0.03021432045886141,0.4048152861307681,8.060919544662967,126,123
