subject,observed_effect,n_permutations,permutation_p_value,permutation_mean,permutation_sd
ELA,4.505288567447678,2000,0.141,-0.06320726821240488,3.039696786256804
Math,1.261255272657536,2000,0.452,0.04753309897113762,1.6417027295648694
