subject,school,treatment,n,mean_gain,sd_gain,se_gain
ELA,JES,0,87,3.2298850574712645,19.669183280372042,2.108757794490884
ELA,JMTES,1,63,10.079365079365079,23.184603892559604,2.920985530726323
Math,JES,0,86,0.4186046511627907,10.968902691946441,1.1828071962712456
Math,JMTES,1,63,1.9365079365079365,10.472503191342456,1.3194113832677339
