subject,term,estimate,std.error,statistic,p.value,conf.low,conf.high,n,df
ELA,treatment_post,6.849480021893669,4.532712393453308,1.5111216921211494,0.13075744891132834,-2.034636269274815,15.733596313062153,300,296
Math,treatment_post,1.5179032853452554,3.3929029719954484,0.44737597799695983,0.654603617289214,-5.132186539765823,8.167993110456333,298,294
