subject,term,estimate,std.error,statistic,p.value,conf.low,conf.high,n,df
ELA,treatment,6.849480021893813,3.509259483156334,1.9518305941096106,0.050958320693382575,-0.02866856509260174,13.727628608880227,150,148
Math,treatment,1.517903285345146,1.7847603363040128,0.8504801762283164,0.3950581772604689,-1.980226973810719,5.016033544501011,149,147
