subject,term,estimate,std.error,statistic,p.value,conf.low,conf.high,n,df
ELA,treatment,4.505288567447678,2.997689919374465,1.5029201447185732,0.13285963758959562,-1.370183674526273,10.38076080942163,150,147
Math,treatment,1.261255272657536,1.6717068802470545,0.7544715449583723,0.4505661253964304,-2.0152902126266907,4.5378007579417625,149,146
