subject,term,estimate,std.error,statistic,p.value,conf.low,conf.high,n,df
ELA,treatment,5.697318007662831,3.169348895421887,1.797630426833911,0.07223559329516038,-0.5146058273640675,11.909241842689731,150,148
Math,treatment,1.4512735326688813,1.6226886404556469,0.8943635251315787,0.37112742141887756,-1.7291962026241865,4.631743267961949,149,147
