subject,n_treated,n_control,wilcoxon_statistic,p_value
ELA,63,87,3124.5,0.14368946174017516
Math,63,86,2917.5,0.4230258962211981
