subject,treated_pre_mean,matched_control_pre_mean,mean_baseline_difference_after_matching,mean_absolute_baseline_distance
ELA,1043.111111111111,1043.095238095238,0.015873015873015872,0.4603174603174603
Math,1048.5555555555557,1048.6190476190477,-0.06349206349206349,0.31746031746031744
