subject,term,estimate,std.error,statistic,p.value,conf.low,conf.high,n,df
ELA,treatment_post,6.849480021893669,4.627174994915047,1.4802725268486245,0.13880053192715924,-2.219782968139823,15.91874301192716,300,296
Math,treatment_post,1.5179032853452554,3.5079523381842055,0.4327035087742829,0.6652301804200267,-5.357683297495787,8.393489868186297,298,294
