subject,observed_effect,n_bootstrap,bootstrap_se,conf_low,conf_high
ELA,4.505288567447678,2000,3.0662562657759973,-1.5106525641037933,10.997730014208173
Math,1.261255272657536,2000,1.6189679446739758,-1.8661328922587472,4.4676077579172215
