subject,term,estimate,std.error,statistic,p.value,conf.low,conf.high,n,df
ELA,treatment,4.2536935141365575,3.2109207263077786,1.324758185178822,0.1852513677611547,-2.0397111094266887,10.547098137699804,150,148
Math,treatment,1.195962027808946,2.430283758658603,0.49210797856339966,0.6226430122622622,-3.567394139161915,5.959318194779807,149,147
