subject,term,estimate,robust_se,statistic,p_value
ELA,treatment_post,-2.511551155115285,4.787802070990243,-0.5245728870733852,0.5998801388305776
Math,treatment_post,-0.5239273927390968,4.442298876555792,-0.117940599517993,0.9061147239595788
