subject,did_estimate,std_error,statistic,p_value,conf_low,conf_high
ELA,-2.511551155115285,5.266692092970322,-0.4768744993593909,0.6334514916279249,-12.834267657337115,7.811165347106545
Math,-0.5239273927390968,4.653057554068437,-0.11259851971549263,0.9103488586831535,-9.643920198713232,8.596065413235038
