subject,school,n,mean_gain,sd_gain
ELA,JES,101,16.178217821782177,24.89875339835469
ELA,JMTES,48,13.666666666666666,23.04605318434995
Math,JES,101,0.9405940594059405,12.813915702999
Math,JMTES,48,0.4166666666666667,10.850695307328571
