subject,observed_effect,n_bootstrap,bootstrap_se,conf_low,conf_high
ELA,2.80747836694286,2000,2.281231096361082,-1.4832543542043113,7.357717520355407
Math,-0.6468290989821526,2000,1.8596731490421088,-4.1663575660871235,2.9749166273034566
