subject,term,estimate,std_error,statistic,p_value,conf_low,conf_high
ELA,treatment,-3.4138201320131962,4.00165473992396,-0.853102117470051,0.39360267728813736,-11.257063422264157,4.429423158237765
Math,treatment,-1.0498349834983496,1.7928030756843396,-0.5855829888609556,0.5581557826884029,-4.563729011839655,2.464059044842956
