subject,ancova_estimate,std_error,statistic,p_value,conf_low,conf_high
ELA,2.80747836694286,2.809730151127423,0.9991985763530851,0.31769850539680256,-2.6995927292668895,8.31454946315261
Math,-0.6468290989821526,1.99742769396541,-0.3238310457676842,0.746065950496755,-4.561787379154357,3.268129181190051
