subject,n_jes,n_jmtes,wilcox_p_value
ELA,101,48,0.6344106370175339
Math,101,48,0.31832860759125986
