subject,n_treated_total,n_matched,n_unmatched,caliper_points,mean_baseline_distance,matched_effect,sd_effect,se_effect,statistic,p_value,conf_low,conf_high
ELA,48,48,0,4.949850855854817,0.20833333333333334,5.541666666666667,18.010585933660206,2.599604159265402,2.1317348054377,0.03302865382140167,0.4464425145064794,10.636890818826854
Math,48,48,0,3.8145592310290617,0.2708333333333333,-1.8333333333333333,13.725784608559445,1.9811463596476546,-0.9253901532340045,0.35476299892359864,-5.716380198242736,2.04971353157607
