subject,term,estimate,std_error,statistic,p_value,conf_low,conf_high
ELA,treatment,3.676923737717516,2.5083396115107557,1.4658795487039054,0.14268110444153648,-1.2394219008435652,8.593269376278597
Math,treatment,-0.6871066606472596,2.9522610567268375,-0.23273912687418385,0.8159639845201251,-6.473538331831861,5.099325010537342
