subject,observed_effect,n_permutations,permutation_p_value,permutation_mean,permutation_sd
ELA,2.80747836694286,2000,0.322,-0.04969497113808793,2.8017771729621432
Math,-0.6468290989821526,2000,0.7525,-0.08125414844823681,2.0259712720793095
