subject,term,estimate,std_error,statistic,p_value,conf_low,conf_high
ELA,treatment,-2.5115511551155087,4.2638957801700625,-0.5890273319521279,0.5558429388889286,-10.86878688424883,5.845684574017813
Math,treatment,-0.5239273927392738,2.14241286989873,-0.24455015188740878,0.8068047651601001,-4.7230566177407844,3.6752018322622373
