panel,outcome,label,JMTES_n,JMTES_mean,JMTES_sd,JMTES_median,JMTES_min,JMTES_max,JES_n,JES_mean,JES_sd,JES_median,JES_min,JES_max,difference_jmtes_minus_jes
School,classroom_total,Total school referrals,419,0.27048528241845665,0.9716029853831923,0.0,0.0,9.622641509433963,676,0.6923076923076923,1.6456452072509882,0.0,0.0,12.0,-0.42182240988923564
School,classroom_l1,School Level I referrals,419,0.0076552438420317915,0.11668466850331373,0.0,0.0,2.138364779874214,676,0.0621301775147929,0.34295131399289014,0.0,0.0,6.0,-0.05447493367276111
School,classroom_l2,School Level II referrals,419,0.06889719457828612,0.4352164966844503,0.0,0.0,5.345911949685535,676,0.34171597633136097,0.9752975686215943,0.0,0.0,8.0,-0.27281878175307483
School,classroom_l3,School Level III referrals,419,0.17862235631407514,0.6150116815231231,0.0,0.0,5.345911949685535,676,0.28106508875739644,0.756794050105903,0.0,0.0,6.0,-0.1024427324433213
School,classroom_l4,School Level IV referrals,419,0.015310487684063583,0.14711735413241928,0.0,0.0,2.138364779874214,676,0.0073964497041420114,0.08574741332005549,0.0,0.0,1.0,0.007914037979921571
Bus,bus_total,Total bus referrals,419,0.030620975368127166,0.17854367607874733,0.0,0.0,1.069182389937107,676,0.16272189349112426,0.6062643253332797,0.0,0.0,6.0,-0.1321009181229971
Bus,bus_l1,Bus/Local Level I referrals,419,0.0025517479473439303,0.05223297779045619,0.0,0.0,1.069182389937107,676,0.0,0.0,0.0,0.0,0.0,0.0025517479473439303
Bus,bus_l2,Bus Level II referrals,419,0.020413983578751443,0.1464949146659399,0.0,0.0,1.069182389937107,676,0.15828402366863906,0.6013116643884133,0.0,0.0,6.0,-0.13787004008988762
Bus,bus_l3,Bus Level III referrals,419,0.0076552438420317915,0.09025347603128654,0.0,0.0,1.069182389937107,676,0.004437869822485207,0.06651857318498897,0.0,0.0,1.0,0.0032173740195465842
