outcome,label,coef,se,z,p,odds_ratio,ci_low,ci_high,jes_weighted_prob,jmtes_weighted_prob,n,events
any_school_referral,Any school referral,-0.9003451030528496,0.18142791201281863,-4.962550100831434,6.95736119826762e-07,0.4064293755174757,0.2848069175474476,0.5799888524688177,0.2503740985398366,0.12583542704316975,1095,223.0
any_bus_referral,Any bus referral,-1.1783721594009728,0.3273918009647324,-3.599272052411326,0.0003191092136312079,0.3077793467516345,0.16201601521375514,0.5846837188402869,0.08836210270231591,0.030354180557809213,1095,71.0
any_referral,Any school or bus referral,-0.875206899188084,0.17162657007749205,-5.0994837150967625,3.4058116860080645e-07,0.4167757801868419,0.29772204086284554,0.5834369885646852,0.2829693357237726,0.14782708263943015,1095,254.0
