outcome,label,coefficient,robust_se,p_value,stars,odds_ratio,jes_weighted_probability,jmtes_weighted_probability,observations,events
any_school_referral,Any school referral,-0.836123721847415,0.17167939539068555,1.1145008666417918e-06,***,0.4333872010342599,0.2514792899408284,0.12709832134292565,1093,223
any_bus_referral,Any bus referral,-1.2611263068036935,0.334577409849508,0.00016369882094889192,***,0.28333472488937134,0.08727810650887574,0.026378896882494004,1093,70
any_referral,Any school or bus referral,-0.8394673319898691,0.1627171792491759,2.481956930597497e-07,***,0.43194054307116103,0.28402366863905326,0.14628297362110312,1093,253
