outcome,school,n,mean,sd,median,min,max
Unexcused absence percentage,JMTES,417,6.06996755536747,4.711409750137069,5.294117647058823,0.0,45.88235294117647
Unexcused absence percentage,JES,676,9.00887573964497,10.074078714592313,5.88235294117647,0.0,105.88235294117648
Excused absence percentage,JMTES,417,1.7393144308082946,2.4962080340975636,1.1764705882352942,0.0,17.647058823529413
Excused absence percentage,JES,676,1.28698224852071,2.180046586211927,0.5882352941176471,0.0,22.941176470588236
Total absence percentage,JMTES,417,7.809281986175765,5.612095211782209,7.0588235294117645,0.0,58.235294117647065
Total absence percentage,JES,676,10.29585798816568,10.746839086151429,6.470588235294119,0.0,107.6470588235294
