outcome,model,estimate,std_error,t_value,p_value,conf_low,conf_high,p_value_formatted
Unexcused absence percentage,Overlap weighted,-2.771245161591081,0.4722651709780029,-5.867985470646023,4.411218971365447e-09,-3.6968848967079664,-1.8456054264741952,<0.001
Unexcused absence percentage,Overlap weighted + covariates,-2.771245158878772,0.46710670131661397,-5.932788271004419,2.9783282660134505e-09,-3.6867742934593353,-1.8557160242982085,<0.001
Excused absence percentage,Overlap weighted,0.5311988952178469,0.14062055853522568,3.7775336746709103,0.00015838909430428171,0.2555826004888046,0.8068151899468892,<0.001
Excused absence percentage,Overlap weighted + covariates,0.5311988947042455,0.1394124588856069,3.810268457714485,0.00013881597041941825,0.257950475288456,0.804447314120035,<0.001
Total absence percentage,Overlap weighted,-2.2400462663732292,0.5136454759635506,-4.361074654013283,1.2942519466127168e-05,-3.246791399261788,-1.2333011334846702,<0.001
Total absence percentage,Overlap weighted + covariates,-2.240046264174521,0.5091900362061528,-4.3992342836567335,1.0863349946761499e-05,-3.2380587351385803,-1.2420337932104615,<0.001
