outcome,estimate_no_covariates,estimate_covariate_adjusted,estimate_difference,se_no_covariates,se_covariate_adjusted,se_difference
Unexcused absence percentage,-3.408495876846182,-3.408495398525709,4.783204730074431e-07,0.4679586780943585,0.4635444862067788,-0.004414191887579688
Excused absence percentage,0.5836616885815084,0.5836616730735282,-1.5507980122286824e-08,0.14278166307961151,0.14164852581400414,-0.0011331372656073757
Total absence percentage,-2.825964029181824,-2.825963566446684,4.6273513998329463e-07,0.5087664852246631,0.5049545382485775,-0.003811946976085556
