outcome,model,estimate,std_error,t_value,p_value,conf_low,conf_high,p_value_formatted,estimate_label
Unexcused absence percentage,Overlap weighted,-2.9389081842775004,0.4509544559700721,-6.517084254008442,7.168716469983444e-11,-3.822778917978842,-2.055037450576159,<0.001,"-2.939 (SE = 0.451), 95% CI [-3.823, -2.055], p = <0.001"
Unexcused absence percentage,Overlap weighted + covariates,-2.9389081842775004,0.4509544559700721,-6.517084254008442,7.168716469983444e-11,-3.822778917978842,-2.055037450576159,<0.001,"-2.939 (SE = 0.451), 95% CI [-3.823, -2.055], p = <0.001"
Excused absence percentage,Overlap weighted,0.4523321822875843,0.14823310980541862,3.0514922265433673,0.0022770694450049856,0.16179528706896384,0.7428690775062048,0.002,"0.452 (SE = 0.148), 95% CI [0.162, 0.743], p = 0.002"
Excused absence percentage,Overlap weighted + covariates,0.4523321822875843,0.14823310980541862,3.0514922265433673,0.0022770694450049856,0.16179528706896384,0.7428690775062048,0.002,"0.452 (SE = 0.148), 95% CI [0.162, 0.743], p = 0.002"
Total absence percentage,Overlap weighted,-2.4865760019899152,0.4963657660483515,-5.009563858091888,5.455352351853715e-07,-3.459452903444684,-1.5136991005351463,<0.001,"-2.487 (SE = 0.496), 95% CI [-3.459, -1.514], p = <0.001"
Total absence percentage,Overlap weighted + covariates,-2.4865760019899152,0.4963657660483515,-5.009563858091888,5.455352351853715e-07,-3.459452903444684,-1.5136991005351463,<0.001,"-2.487 (SE = 0.496), 95% CI [-3.459, -1.514], p = <0.001"
