outcome,JMTES_n,JMTES_mean,JMTES_sd,JMTES_median,JMTES_min,JMTES_max,JES_n,JES_mean,JES_sd,JES_median,JES_min,JES_max,difference_jmtes_minus_jes
Unexcused absence %,417,6.069880095923261,4.711319810901023,5.29,0.0,45.88,676,9.008772189349113,10.074162836713432,5.88,0.0,105.88,-2.938892093425852
Excused absence %,417,1.739640287769784,2.495977940589911,1.18,0.0,17.65,676,1.2872633136094673,2.1799859452928447,0.59,0.0,22.94,0.45237697416031675
Total absence %,417,7.809136690647482,5.612285478427386,7.06,0.0,58.24,676,10.295710059171597,10.747151020183189,6.47,0.0,107.65,-2.486573368524115
