outcome,school,weighted_mean,unweighted_mean
Unexcused absence percentage,JES,8.833071746679328,9.00887573964497
Unexcused absence percentage,JMTES,6.061826585088297,6.06996755536747
Excused absence percentage,JES,1.2455742098594715,1.28698224852071
Excused absence percentage,JMTES,1.776773105077324,1.7393144308082944
Total absence percentage,JES,10.078645956538802,10.29585798816568
Total absence percentage,JMTES,7.838599690165621,7.809281986175765
