outcome,model,estimate,se,t,p,ci_low,ci_high,n,df,jes_wmean,jmtes_wmean
Unexcused absence percentage,"Overlap weighted, no covariates",-3.408495876846182,0.4679586780943585,-7.2837539646158636,3.2462921240039577e-13,-4.325694885911124,-2.4912968677812395,1095,1093,8.831342816121163,5.422846939274953
Unexcused absence percentage,"Overlap weighted, covariate-adjusted",-3.408495398525709,0.4635444862067788,-7.353113886474406,1.936228954946273e-13,-4.317042591490996,-2.4999482055604227,1095,1075,8.831342816121163,5.422846939274953
Excused absence percentage,"Overlap weighted, no covariates",0.5836616885815084,0.14278166307961151,4.087791639295258,4.354990229549216e-05,0.3038096289454698,0.8635137482175469,1095,1093,1.238433668686118,1.822095357267631
Excused absence percentage,"Overlap weighted, covariate-adjusted",0.5836616730735282,0.14164852581400414,4.120492392839462,3.7806355047687035e-05,0.30603056247808014,0.8612927836689763,1095,1075,1.238433668686118,1.822095357267631
Total absence percentage,"Overlap weighted, no covariates",-2.825964029181824,0.5087664852246631,-5.554540464539294,2.7834303306661923e-08,-3.8231463402221637,-1.8287817181414843,1095,1093,10.069400109836298,7.2434360806544795
Total absence percentage,"Overlap weighted, covariate-adjusted",-2.825963566446684,0.5049545382485775,-5.596471270955341,2.1875855127362343e-08,-3.815674461413896,-1.836252671479472,1095,1075,10.069400109836298,7.2434360806544795
