outcome,label,model,estimate,se,t,p,ci_low,ci_high,jes_weighted_mean,jmtes_weighted_mean,n,df
unexcused_pct,Unexcused absence %,OW,-1.3796815577154737,0.30117152155053595,-4.5810491995139255,4.626489768844166e-06,-1.9699777399545242,-0.7893853754764233,6.711250942913129,5.331569385193722,1041,1039
unexcused_pct,Unexcused absence %,OW + covariates,-1.3796815570297585,0.29482058933718186,-4.679732715179663,2.872491483341122e-06,-1.9575299121306349,-0.8018332019288821,6.711250942913129,5.331569385193722,1041,1021
excused_pct,Excused absence %,OW,0.6580393695262379,0.13692709009472134,4.80576465234914,1.541611605926363e-06,0.38966227294058403,0.9264164661118917,1.1459736032065575,1.8040129727328622,1041,1039
excused_pct,Excused absence %,OW + covariates,0.6580393693948537,0.1357152330611438,4.848677296957425,1.2428741740233562e-06,0.3920375125950119,0.9240412261946955,1.1459736032065575,1.8040129727328622,1041,1021
total_pct,Total absence %,OW,-0.7227328205255978,0.34433827558204116,-2.0989035253311576,0.03582540603633144,-1.3976358406663985,-0.047829800384797116,7.856803898164417,7.134071077634953,1041,1039
total_pct,Total absence %,OW + covariates,-0.7227328199722972,0.3382240122347248,-2.136846568630752,0.03261047304395914,-1.3856518839523577,-0.059813755992236595,7.856803898164417,7.134071077634953,1041,1021
